{"acc_top1": 0.8924829157175399, "acc_top5": 0.9963553530751709}