{"acc_top1": 0.9844290657439446, "acc_top5": 0.9965397923875432}